Date,BA
4/16/19,eu issues 20 bln list of us imports for tariffs in boeing case 20190
4/16/19,lessors rush to repossess more jet airways planes even as emergency funds awaited 20190
4/16/19,embraers e195 e2 is ready to fly 
4/16/19,etihad group cfo departs as carrier pursues turnaround plan 20190
4/16/19,boeing ba outpaces stock market gains what you should know 
4/16/19,market close report nasdaq composite index closes above 8000 up 2422 points at 800023 
4/16/19,dow closes higher on big boeing finish 
4/16/19,united airlines firstquarter profit rises holds 2019 target 20190
4/16/19,united airlines beats firstquarter profit estimate holds 2019 target 20190
4/16/19,boeing 737 max software upgrade operationally suitable  faa panel 20190
4/16/19,faa panel finds boeing 737 max software upgrade operationally suitable 20190
4/16/19,kenyan family files lawsuit against boeing over ethiopian airlines crash 20190
4/16/19,us manufacturing mired in soft patch in first quarter 20190
4/16/19,china forms task force to review design changes to boeing 737 max 20190
4/16/19,ge stocks latest plunge is another buying opportunity 
4/15/19,lackluster bank earnings pressure us markets 
4/15/19,boeing secures 14b deal for modernizing b 1 amp b 52 bombers 
4/15/19,us stockswall street slips as bank earnings disappoint 20190
4/15/19,wall street slips as bank earnings disappoint 20190
4/15/19,us stocksfinancials drag on wall st as bank results underwhelm 20190
4/15/19,financials drag on wall st as bank results underwhelm 20190
4/15/19,this is why boeing ba is a great dividend stock 
4/15/19,wall street drops after tepid big bank results 20190
4/15/19,us stockswall street drops after tepid big bank results 20190
4/15/19,the math shows ppa can go to 66 
4/15/19,us stocks on the movegoldman boeing biopath alliance data match group 20190
4/15/19,european shares hit by us tariff threat growth jitters april 9 20190
4/15/19,us stockswall street slips as big bank results disappoint 20190
4/15/19,wall street slips as big bank results disappoint 20190
4/15/19,wall street dips after lackluster big bank earnings 20190
4/15/19,us stockswall street dips after lackluster big bank earnings 20190
4/15/19,us stocks on the movelevi strauss aphria western digital spotify 20190
4/15/19,us stockswall st set for muted open as big bank earnings fail to impress 20190
4/15/19,wall st set for muted open as big bank earnings fail to impress 20190
4/15/19,futures muted ahead of big bank earnings 20190
4/15/19,us stocksfutures muted ahead of big bank earnings 20190
4/15/19,trump urges rebrand of 737 max boeing has other ideas 20190
4/15/19,boeing brainstorms to regain trust in max trump urges rebranding 20190
4/15/19,trump says boeing should fix rebrand grounded 737 max jet 20190
4/15/19,trump urges boeing to fix rebrand grounded 737 max planes 20190
4/14/19,alaska airlines may order a ton of boeing 737 max jets in 2019 
4/14/19,should we blame marijuana for a 14 year high in positive work related drug tests 
4/14/19,3 top defense stocks to watch in april 
4/14/19,too many travelers too few planes is us airlines 737 max summer dilemma 20190
4/13/19,boeing crushes airbus on q1 aircraft orders despite 737 max fiasco 
4/13/19,better buy general electric vs boeing 
4/12/19,noteworthy friday option activity ba nssc bhvn 
4/12/19,us stockssp 500 closes near record high as earnings season begins in earnest 20190
4/12/19,sp 500 closes near record high as earnings season begins in earnest 20190
4/12/19,sp 500 climbs to near record high as earnings season shifts to high gear 20190
4/12/19,us stockssp 500 climbs to near record high as earnings season shifts to high gear 20190
4/12/19,defense stock roundup bas 737 crash drags indices down noc scores big 
4/12/19,wall st week aheadindustrials gains put to test as earnings ramp up 20190
4/12/19,faa meets with us airlines pilot unions on boeing 737 max 20190
4/12/19,boeing q1 defense deliveries up on high ah 64 apache demand 
4/12/19,eu tariffs to target 20 billion euros of us imports  diplomats 20190
4/12/19,eu eyes 20 billion euros of us imports to hit over boeing  diplomats 20190
4/12/19,eu draws up list of 20 bln euros of us imports to hit over boeing  diplomats 20190
4/12/19,cufflinks and the caribbean how virgin galactic kept space tourists interest and money 20190
4/12/19,indias spicejet to lease 16 boeing 737s to fill gap as groundings push up fares 20190
4/11/19,elon musks spacex sends worlds most powerful rocket on first commercial flight 20190
4/11/19,market close report nasdaq composite index closes at 794736 down 1688 points 
4/11/19,stocks close mixed with corporate earnings ahead 
4/11/19,15 safe dividend stocks to buy for the rest of 2019 
4/11/19,boeing ceo says 737 max software update working as designed 20190
4/11/19,boeing ceo says two thirds of max customers have seen software fix 20190
4/11/19,boeing ceo says two thirds of max customers have tested software fix 20190
4/11/19,xli ba mmm unp etf inflow alert 
4/11/19,faa to meet with us airlines pilot unions on boeing 737 max 20190
4/11/19,dow movers csco jpm 
4/11/19,refileus stockswall st treads water ahead of big bank earnings 20190
4/11/19,wall st treads water ahead of big bank earnings 20190
4/11/19,us stockswall st treads water ahead of big bank earnings 20190
4/11/19,eu clears way for start of formal trade talks with us 20190
4/11/19,new airbus ceo charts modernisation path under leaner management 20190
4/11/19,new airbus ceo takes charge with leaner structure 20190
4/11/19,koreas air premia selects rollsroyces trent 1000 engines to power dreamliners 20190
4/10/19,boeing ba stock sinks as market gains what you should know 
4/10/19,market close report nasdaq composite index closes at 796424 up 5496 points 
4/10/19,close update stocks post gains as real estate technology sectors pace sp 500 
4/10/19,stocks muscle higher on dovish fed 
4/10/19,mid day update major us stock market indexes mostly advance in modest climb as dow slips 
4/10/19,boeing q1 commercial deliveries down on low 737 jet demand 
4/10/19,wall st ekes out gains as investors shrug off fed minutes 20190
4/10/19,us stockswall st ekes out gains as investors shrug off fed minutes 20190
4/10/19,agree to purchase boeing co at 260 earn 53 using options 
4/10/19,sp nasdaq edge higher as wall st shrugs off fed minutes 20190
4/10/19,us stockssp nasdaq edge higher as wall st shrugs off fed minutes 20190
4/10/19,dow movers ba nke 
4/10/19,economic and earnings data deluge 
4/10/19,delta dal tops estimates cpi in line at 04 
4/10/19,delta dal tops estimates cpi in line at 041 
4/10/19,stock market news for apr 10 2019 
4/10/19,stocks to gain from hypersonic flight technology 
4/10/19,wair vs ba which stock should value investors buy now 
4/10/19,us stockssp 500 nasdaq edge higher on tech gains fed minutes awaited 20190
4/10/19,sp 500 nasdaq edge higher on tech gains fed minutes awaited 20190
4/10/19,us transport chief defends faa decision to not immediately ground boeing 737 max 20190
4/10/19,airbus names ex deutsche telekom boss as next chairman 20190
4/10/19,germany sees 886 bln euro cost to operate tornado jets to 2030 20190
4/10/19,us stocks on the movelevi strauss tesla kroger fox 20190
4/10/19,stocks us dollar inch higher on ecb stance 20190
4/10/19,us stockstech lifts sp 500 nasdaq ahead of fed minutes boeing pressures dow 20190
4/10/19,tech lifts sp 500 nasdaq ahead of fed minutes boeing pressures dow 20190
4/10/19,crashed japanese f35 wreckage found in pacific pilot still missing 20190
4/10/19,sp 500 flat ahead of fed minutes 20190
4/10/19,us stockssp 500 flat ahead of fed minutes 20190
4/10/19,jet hits more turbulence as fleet shrinks and fuel terms tightened 20190
4/10/19,virgin atlantic posts annual loss for second year running 20190
4/10/19,airbusboeing trade war would benefit chinese planemaker france says 20190
4/10/19,rollsroyce agrees to early inspection of problematic trent engines 20190
4/10/19,rollsroyce agrees early inspections for trent engine blades 20190
4/9/19,tariff troubles drag dow sp snaps win streak 
4/9/19,boeing shareholders sue over 737 max crashes disclosures 20190
4/9/19,us stockswall st drops on us trade tensions with eu imf global outlook 20190
4/9/19,wall st drops on us trade tensions with eu imf global outlook 20190
4/9/19,the zacks analyst blog highlights boeing united technologies and embraer 
4/9/19,commercial border delays hit auto industry1 
4/9/19,us yields fall on trade global growth worries 20190
4/9/19,refileus stockswall st falls on renewed trade tensions slowdown angst 20190
4/9/19,spirit aerosystems up on regular investments amid cost woes 
4/9/19,dow movers cat dis 
4/9/19,wall st falls on renewed trade tensions slowdown angst 20190
4/9/19,boeing secures 9m air force deal to modify f 15 program 
4/9/19,auto industry hit by us mexico border dispute 
4/9/19,commercial border delays hit auto industry 
4/9/19,dual downgrades tank boeing stock 
4/9/19,us stocks on the moveboeing wynn resorts unitedhealth walt disney 20190
4/9/19,us stockswall street falls as trade global growth concerns resurface 20190
4/9/19,wall street falls as trade global growth concerns resurface 20190
4/9/19,tuesdays vital data new age beverages boeing and roku 
4/9/19,us stocks on the moveapple boeing wynn resorts unitedhealth cigna 20190
4/9/19,boeing records zero new max orders following global groundings 20190
4/9/19,boeing quarterly orders halve deliveries fall 19 pct on max groundings 20190
4/9/19,european shares hit by us tariff threat growth jitters 20190
4/9/19,wall street falls on worries over trade global growth 20190
4/9/19,us stockswall street falls on worries over trade global growth 20190
4/9/19,share rally cools as trump turns trade heat on europe 20190
4/9/19,boeing 737 max debacle forces a temporary production cut 
4/9/19,boeing quarterly orders halve deliveries tumble on 737 max grounding 20190
4/9/19,us stocks on the moveapple facebook boeing wynn resorts 20190
4/9/19,boeing deliveries sink in first quarter after 737 max groundings 20190
4/9/19,us stockswall street lower as growth worries resurface 20190
4/9/19,wall street lower as growth worries resurface 20190
4/9/19,in new attack trump threatens more tariffs against european union 20190
4/9/19,the downfall of jet airways how indias premium airline crumbled 20190
4/9/19,trump europe ramp up tariff threats in aircraft dispute 20190
4/9/19,brazils embraer names executive of bus maker marcopolo as ceo 20190
4/9/19,us stocks on the movezogenix walt disney boeing simply good foods co 20190
4/9/19,wall st to open lower on trade earnings worries 20190
4/9/19,us stockswall st to open lower on trade earnings worries 20190
4/9/19,american trims quarterly revenue forecast on grounded jets total cost unknown 20190
4/9/19,american airlines trims quarterly revenue forecast shares fall 3 pct 20190
4/9/19,american airlines trims quarterly unit revenue forecast shares fall 3 pct 20190
4/9/19,american airlines trims firstquarter forecast for unit revenue 20190
4/9/19,american airlines cuts firstquarter forecast for unit revenue 20190
4/9/19,futures point to flat opening on wall street 20190
4/9/19,us stocksfutures point to flat opening on wall street 20190
4/9/19,major air regulators to join faas review panel on boeings 737 max 20190
4/9/19,china to join faas review panel on boeings 737 max 20190
4/9/19,eu plans for own retaliation in aircraft dispute with us 20190
4/9/19,tariff threats global growth jitters trip up britains main index 20190
4/9/19,airbus says us sanctions on its aircraft would have no legal basis 20190
4/9/19,airbus says it sees no legal basis for us move to impose sanctions 20190
4/9/19,the worst mistake boeing investors can make right now 
4/9/19,china aircraft leasing says no change to boeing 737 max order 20190
4/8/19,china aircraft leasing says has not put boeing 737 max order on hold 20190
4/8/19,heres why boeing shares were down on monday 
4/8/19,market close report nasdaq composite index closes at 795388 up 1519 points 
4/8/19,how flawed software high speed other factors doomed an ethiopian airlines 737 max 20190
4/8/19,why bp prudhoe bay spirit aerosystems holdings and roku slumped today 
4/8/19,boeing drags on dow sp extends win streak 
4/8/19,close update nasdaq sp 500 turn positive in late day trading monday as dow ends lower 
4/8/19,us proposes list of eu goods for tariff retaliation against airbus subsidies 20190
4/8/19,delta stock is gaining altitude heading into earnings 
4/8/19,what boeing exclusivity means for southwest these days 
4/8/19,southwest airlines slashes its guidance after 737 max groundings 
4/8/19,how long will the boeing 737 max stay grounded 
4/8/19,us stockssp 500 nasdaq edge higher as earnings season looms 20190
4/8/19,sp 500 nasdaq edge higher as earnings season looms 20190
4/8/19,mid day update us stocks slip monday taking a pause after last weeks surge 
4/8/19,dow analyst moves ba 
4/8/19,sp 500 movers ge symc 
4/8/19,dow movers ba pg 
4/8/19,american airlines extends 737 max grounding tenure as well 
4/8/19,will boeings ba 737 max production cut benefit airbus 
4/8/19,disney to enter streaming video market 
4/8/19,industrials weigh on wall st as earnings season looms 20190
4/8/19,us stocksindustrials weigh on wall st as earnings season looms 20190
4/8/19,american keeps 737 max grounded disney preview 
4/8/19,company news for apr 8 2019 
4/8/19,the zacks analyst blog highlights boeing lockheed martin and anthem 
4/8/19,amazon to foray into broadband space with project kuiper 
4/8/19,us stocks on the moveboeing wynn resorts ge micron 20190
4/8/19,wall street stalls on boeing slide earnings jitters 20190
4/8/19,us stockswall street stalls on boeing slide earnings jitters 20190
4/8/19,european shares dip banks and boeing suppliers in focus 20190
4/8/19,londons bluechips end higher aided by oil majors 20190
4/8/19,pre market most active for apr 8 2019 ge chl snap fdc vsm amd ba sqqq roku fisv tsla tvix 
4/8/19,wall street rally stalls on boeing slide earnings jitters 20190
4/8/19,us stockswall street rally stalls on boeing slide earnings jitters 20190
4/8/19,stocks mostly flat on profit concerns oil gains 20190
4/8/19,us stocks on the moveboeing wynn resorts general electric snap 20190
4/8/19,us stocksboeing woes earnings anxiety push wall street lower 20190
4/8/19,boeing woes earnings anxiety push wall street lower 20190
4/8/19,us stockswall st set to open lower on earnings anxiety boeing woes 20190
4/8/19,wall st set to open lower on earnings anxiety boeing woes 20190
4/8/19,us stocks on the moveboeing wynn resorts general electric micron 20190
4/8/19,china aircraft leasing suspends orders for 100 boeing 737 maxs 20190
4/8/19,us stocksfutures subdued as investors brace for tepid earnings season 20190
4/8/19,futures subdued as investors brace for tepid earnings season 20190
4/8/19,tech boeing suppliers drag european shares lower 20190
4/8/19,uk shares dip as boeing 737 output cut bruises industrials 20190
4/8/19,londons ftse 100 dips industrials weak after boeing 737 output cut 20190
4/8/19,scandalprone korean air chairman dies weeks after board ouster 20190
4/8/19,scandalprone korean air chairman dies weeks after ouster from board 20190
4/7/19,how flawed software and excess speed doomed an ethiopian airlines 737 max 20190
4/6/19,heres what to expect from delta air lines dal q1 2019 earnings 
4/6/19,market close report nasdaq composite index closes at 793869 up 4691 points 
4/6/19,top stock reports for boeing lockheed martin anthem 
4/6/19,noteworthy friday option activity goog ba cost 
4/6/19,boeing cuts 737 max output in wake of two deadly crashes 20190
4/6/19,boeing stock already is on its way back after the 737 max debacle 
4/6/19,us stockssp posts 7day winning streak as jobs data allay economic fears 20190
4/6/19,sp posts 7day winning streak as jobs data allay economic fears 20190
4/6/19,stock market news boeing takes blame aurora cannabis gets a win in germany 
4/6/19,wall street rises as jobs data allay economic concerns 20190
4/6/19,us stockswall street rises as jobs data allay economic concerns 20190
4/5/19,stock market news for apr 5 2019 
4/5/19,g iii smart boeing spirit and heico highlighted as zacks bull and bear of the day 
4/5/19,us stocks on the movedow boston beer lyft snap homebuilders 20190
4/5/19,huntington ingalls wins navy deal to support uss columbus 
4/5/19,the zacks analyst blog highlights boeing american airlines southwest and united 
4/5/19,bereaved families blame boeing after ethiopia crash report 20190
4/5/19,us stocks on the movedow lyft boston beer trovagene 20190
4/5/19,wall street rises on jobs data trade optimism 20190
4/5/19,us stockswall street rises on jobs data trade optimism 20190
4/5/19,why boeing stock slumped 13 in march 
4/5/19,boeing to provide end item equipment for fa 18 aircraft 
4/5/19,european shares firm irish stocks hit highest close in six months 20190
4/5/19,us stocks on the movedow lyft snap aquabounty dell syros pharma 20190
4/5/19,boeing cutting 737 max production in wake of two deadly crashes 20190
4/5/19,boeing studies 737 max output slowdown among scenarios 20190
4/5/19,us stockswall street chugs higher on jobs data trade optimism 20190
4/5/19,wall street chugs higher on jobs data trade optimism 20190
4/5/19,jet crisis deepens lessors to deregister more planes over 10 days 20190
4/5/19,european shares quiet ahead of us jobs data 20190
4/5/19,lessors to jet airways plan to deregister many more planes in coming days 20190
4/5/19,european shares little changed before us jobs data 20190
4/5/19,how excess speed hasty commands and flawed software doomed an ethiopian airlines 737 max 20190
4/4/19,market close report nasdaq composite index closes at 789178 down 377 points 
4/4/19,close update dow leads us stock indexes thursday ahead of employment report 
4/4/19,5 top stock trades for friday boeing roku and constellation brands 
4/4/19,us stockssp 500 dow advance with trade talks in focus 20190
4/4/19,sp 500 dow advance with trade talks in focus 20190
4/4/19,sp 500 nudges up toward sixmonth high tech drags 20190
4/4/19,us stocks snapshotsp 500 nudges up toward sixmonth high tech drags 20190
4/4/19,ethiopia inquiry shows boeing max hurtling uncontrolled to disaster 20190
4/4/19,us stockssp 500 edges higher with trade talks in focus 20190
4/4/19,sp 500 edges higher with trade talks in focus 20190
4/4/19,dow movers wba dow 
4/4/19,us stocks on the movetesla boeing facebook shopify micron office depot 20190
4/4/19,us stockssp pauses with trade talks in focus nasdaq set to end 5day rally 20190
4/4/19,sp pauses with trade talks in focus nasdaq set to end 5day rally 20190
4/4/19,4 lucrative defense stocks to add to your portfolio now 
4/4/19,airbus net orders in the red by end of first quarter 20190
4/4/19,us stocks on the moveboeing tesla facebook constellation brands office depot 20190
4/4/19,pre market most active for apr 4 2019 nio tsla tnxp amd mu bti nok sgmo sqqq baba azn ba 
4/4/19,sp wavers with uschina trade talks in focus 20190
4/4/19,us stockssp wavers with uschina trade talks in focus 20190
4/4/19,pilots of doomed ethiopian airlines flight struggled for control as planes nose dipped 20190
4/4/19,us stockswall st inches higher on facebook boeing bounce trade talks in focus 20190
4/4/19,wall st inches higher on facebook boeing bounce trade talks in focus 20190
4/4/19,us stocks on the movetesla facebook micron roku office depot 20190
4/4/19,7 best stocks to buy to make a buck off air travel 
4/4/19,ethiopian crash report highlights sensors software leaves questions 20190
4/4/19,ethiopian crash report shows pilots wrestling with controls 20190
4/4/19,ethiopia urges boeing to review 737 max controls backs pilots 20190
4/4/19,ethiopia urges boeing to review controls backs pilots 20190
4/4/19,ethiopian crew followed procedures  first official crash report 20190
4/4/19,ethiopian report says crew followed procedures 20190
4/3/19,nasdaq composite index closes up 1978 points for the week rising for the 5th straight day 
4/3/19,sp nasdaq make it 5 in a row on tech strength 
4/3/19,boeing to provide support services to jdamljdam program 
4/3/19,boeing software reactivated before ethiopian crash 20190
4/3/19,us chip stocks surge on trade deal hopes wall street edges up 20190
4/3/19,us stocksus chip stocks surge on trade deal hopes wall street edges up 20190
4/3/19,us stocksrising trade hopes boost wall st send chip stocks soaring 20190
4/3/19,rising trade hopes boost wall st send chip stocks soaring 20190
4/3/19,notable etf inflow detected vug goog ba unp 
4/3/19,dow movers ba intc 
4/3/19,us stocks on the movechipmakers tesla boeing lyft raytheon tobacco stocks 20190
4/3/19,lululemon avon caterpillar and boeing highlighted as zacks bull and bear of the day 
4/3/19,chip index at record boosts wall st as trade hopes build 20190
4/3/19,us stockschip index at record boosts wall st as trade hopes build 20190
4/3/19,us stocks on the movetesla raytheon lyft gamestop moneygram chip stocks homebuilders 20190
4/3/19,us stockswall street rises as trade hopes build chip index hits record 20190
4/3/19,wall street rises as trade hopes build chip index hits record 20190
4/3/19,us stocks on the movelyft pge boeing raytheon gamestop chip stocks 20190
4/3/19,wall street rises on trade hopes chip stocks at record highs 20190
4/3/19,us stockswall street rises on trade hopes chip stocks at record highs 20190
4/3/19,us stocks on the movechipmakers gamestop blue apron advaxis fusion connect 20190
4/3/19,ethiopia to issue first boeing investigation report on thursday 20190
4/3/19,ethiopia to issue first boeing investigation report 20190
4/3/19,boeing software under scrutiny as ethiopia prepares crash report 20190
4/3/19,boeing software reengaged before ethiopian crash 20190
4/3/19,boeing system triggered repeatedly in ethiopian crash 20190
4/3/19,boeing software engaged repeatedly before crash 20190
4/3/19,norwegians ceo held good meetings with boeing regarding max 20190
4/3/19,uae to validate any boeing max fix before lifting airspace ban 20190
4/3/19,ethiopian airlines pilots initially used boeing emergency procedures before crash 20190
4/3/19,british airways looks to the us for profitable growth 
4/3/19,ethiopian airlines pilots followed boeings emergency procedures before crash 20190
4/3/19,ethiopian airlines pilots initially followed boeing procedures before crash 20190
4/2/19,4 airline stocks ready to take flight 
4/2/19,positive manufacturing numbers positions caterpillar and boeing as buys 
4/2/19,latam stocks winning streak ends as some investors cash out 20190
4/2/19,us senate panel reviewing whistleblower claims on aviation safety  panel chair 20190
4/2/19,top ranked growth stocks to buy for april 2nd 
4/2/19,air canada delays launch of seasonal routes due to boeing max grounding 20190
4/2/19,embraer in advanced talks to sell military plane to portugal executive 20190
4/2/19,us air force again halts deliveries of boeing kc46 tanker aircraft 20190
4/2/19,european stocks hit sixmonth high as automakers insurers gain 20190
4/2/19,ftse 100 at 6mnth high as brexitwounded pound lifts exporters 20190
4/2/19,chinas huge airbus order padded by old or incomplete deals 20190
4/2/19,us manufacturing sector stabilizing challenges remain 20190
4/2/19,airbus china order padded by old or incomplete deals 20190
4/2/19,air canada removes boeings 737 max from schedule until july 20190
4/2/19,12 dividend stocks that hedge funds love 
4/2/19,londons main share index up as brexit drag on pound benefits exporters 20190
4/2/19,european stocks rally stalls brexit impasse weighs 20190
4/2/19,ftse 100 enjoys 4day winning streak as oil companies gain 20190
4/2/19,singapore airlines grounds two 78710s citing rollsroyce engine problem 20190
4/2/19,singapore airlines grounds two 78710s after inspections of rollsroyce trent 1000 ten engines 20190
4/1/19,manufacturing rebound pushes asian shares to 7month highs 20190
4/1/19,manufacturing rebound lifts asian shares to 7month highs 20190
4/1/19,asian shares rise to 7month high on us china manufacturing rebound 20190
4/1/19,boeing to submit 737 max software upgrade in the coming weeks 20190
4/1/19,us faa says it expects to receive boeing software fix over coming weeks 20190
4/1/19,us faa says it expects to receive boeing software fix over the coming weeks 20190
4/1/19,should you buy boeing stock now 
4/1/19,boeing secures 71m deal to support tav 8b harrier aircraft 
4/1/19,stock market news for apr 1 2019 
4/1/19,defense stock roundup boeing huntington ingalls lockheed martin score big wins 
4/1/19,us stockswall street rallies on upbeat manufacturing data 20190
4/1/19,wall street rallies on upbeat manufacturing data 20190
4/1/19,easyjet summer clouded by brexit and economic weakness 20190
4/1/19,ethiopia not planning plane crash announcement on monday 20190
4/1/19,ethiopian crash could be largest nonwar aviation reinsurance claim willis re 20190
4/1/19,no ethiopia plane crash report on monday maybe this week 20190
4/1/19,ethiopia set to release preliminary report into boeing 737 max crash 20190
4/1/19,saudi ban on boeing max flights to continue for near future 20190
4/1/19,boeing 737 max flights to remain banned in saudi for near future 20190
3/31/19,regulators knew before crashes that 737 max trim control was confusing in some conditions 20190
3/31/19,why the air force wants to buy boeings aging fighter 
3/30/19,strongest quarter since 2009 for sp 
3/30/19,general dynamics to provide support services to abrams system 
3/30/19,european stocks rise clocking best quarter in 4 years 20190
3/30/19,lockheed martin secures 11b deal for gmlrs production 
3/30/19,ftse 100 gains as trade progress offsets latest brexit setback 20190
3/30/19,dow 30 stock roundup apple launches new services jpmorgan to trim wealth jobs 
3/29/19,should you invest in the fidelity msci industrials index etf fidu1 
3/29/19,boeing stock has taken its lumps and still is a better buy than airbus 
3/29/19,southwest airlines stock will bottom out very soon 
3/29/19,china southern china eastern airlines post annual losses on fuel costs weak yuan 20190
3/29/19,no call for simulators in new boeing 737 max training proposals 20190
3/29/19,european stocks advance on uschina trade optimism hm boost 20190
3/29/19,sinous trade hopes lift ftse 100 profit warning yanks tui lower 20190
3/29/19,sinous trade hopes lift ftse 100 tui slumps 20190
3/29/19,european stocks higher on trade optimism hm surges 20190
3/29/19,china southern airlines sinks to annual losses on fuel costs weak yuan 20190
3/29/19,cost of boeing groundings rises as tui takes 200 mlnplus hit 20190
3/29/19,investigators believe antistall system activated in ethiopian crash 20190
3/29/19,regulators knew before crashes that 737 max trim control was confusing in some conditions 20190
3/28/19,noteworthy thursday option activity titn wbc ba 
3/28/19,aerion designing supersonic jet to run completely on biofuels 20190
3/28/19,heres why you should short boeing stock today 
3/28/19,us lawsuit filed against boeing over ethiopian airlines crash 20190
3/28/19,buffett says apple content plan hard to predict touts airline safety 20190
3/28/19,raytheon to provide support services to radar program systems 
3/28/19,company news for mar 28 2019 
3/28/19,why boeing ba is a great dividend stock right now 
3/28/19,wto says us failed to halt state tax subsidy for boeing 20190
3/28/19,southwest airlines cuts its forecast again but the pain is almost over 
3/28/19,vietnams bamboo airways to buy 50 airbus a321neo planes 20190
3/28/19,wto says us failed to withdraw state tax break for boeing 20190
3/28/19,vietnams bamboo airways signs firm deal to buy 50 airbus a321neo planes 20190
3/28/19,austrias facc proposes dividend hike despite profit drop 20190
3/28/19,us stocksfutures muted with uschina trade negotiations in focus 20190
3/28/19,futures muted with uschina trade negotiations in focus 20190
3/27/19,market close report nasdaq composite index closes at 764338 down 4814 points 
3/27/19,stocks settle choppy session lower 
3/27/19,raytheon wins deal to offer apy 10 radar kits for p 8a jets 
3/27/19,boeing unveils 737 max software fix after fatal crashes 20190
3/27/19,huntington ingalls secures 147b deal to construct lpd 30 
3/27/19,boeing rolls out software fix to defend 737 max franchise awaits us regulators approval 20190
3/27/19,boeing rolls out software fix to defend 737 max franchise 20190
3/27/19,boeing to make safety feature standard on 737 max 20190
3/27/19,us transport chief questions boeing decisions on 737 max safety features 20190
3/27/19,us transport chief asks why some boeing safety features not included 20190
3/27/19,us transport chief questionable why some boeing safety features not required 20190
3/27/19,us stockswall st set to open flat as global growth fears persist 20190
3/27/19,wall st set to open flat as global growth fears persist 20190
3/27/19,futures edge lower as growth worries linger 20190
3/27/19,us stocksfutures edge lower as growth worries linger 20190
3/27/19,southwest trims firstquarter outlook after 737 max groundings 20190
3/27/19,southwest trims first quarter outlook after 737 max groundings 20190
3/27/19,southwest cuts forecast for revenue performance measure after 737 max groundings 20190
3/27/19,china agrees to buy a boatload of airbus planes 
3/26/19,boeing ba stock sinks as market gains what you should know 
3/26/19,airbus secures 35b deal from china boeings loss rises 
3/26/19,xli ba mmm unp etf outflow alert 
3/26/19,company news for mar 26 2019 
3/26/19,is the boeing ba stock outpacing its aerospace peers this year1 
3/26/19,faa to overhaul air safety oversight by july  us inspector general 20190
3/26/19,is nasa preparing to cancel its space launch system 
3/26/19,boeing and lockheeds futuristic helicopter is finally airborne 
3/26/19,wall st moves higher on tech financials boost 20190
3/26/19,us stockswall st moves higher on tech financials boost 20190
3/26/19,boeing fix will prevent repeated activation of antistall system 20190
3/26/19,us to overhaul air safety oversight in response to two boeing 737 max crashes 20190
3/26/19,us aviation agency to overhaul oversight after boeing crashes 20190
3/26/19,ethiopian crash report likely to be released this week 20190
3/26/19,us stockswall street set for higher open after two days of losses 20190
3/26/19,wall street set for higher open after two days of losses 20190
3/26/19,china not taking boeing 737 max 8 airworthiness certificate applications 20190
3/26/19,us stocksfutures edge higher after two sessions of declines 20190
3/26/19,futures edge higher after two sessions of declines 20190
3/26/19,airbus shares take off after bumper beijing order 20190
3/26/19,ethiopian crash report likely to be released this week as boeing briefs airlines 20190
3/26/19,airbus shares rally after large chinese order 20190
3/26/19,preliminary report on ethiopian airlines crash very likely released this weektransport ministry 20190
3/25/19,market close report nasdaq composite index closes at 763754 down 513 points 
3/25/19,stocks drop as apple weighs after streaming event 
3/25/19,ba stock remains a strong buy as ethiopian airlines backs boeing 
3/25/19,sp 500 slips with apple lingering fears on global growth 20190
3/25/19,us stockssp 500 slips with apple lingering fears on global growth 20190
3/25/19,5 dow jones stocks for the end of muellers investigation 
3/25/19,bell boeing jv wins navy deal to boost v 22 tiltrotor program 
3/25/19,us stockswall st falls with apple lingering global growth fears 20190
3/25/19,wall st falls with apple lingering global growth fears 20190
3/25/19,us panel to review how airplanes certified after boeing 737 crashes 20190
3/25/19,airbus wins china order for 300 jets as xi visits france 20190
3/25/19,dow movers mcd ba 
3/25/19,company news for mar 25 2019 
3/25/19,us stocks on the moveviacom akamai technologies avaya recro pharma 20190
3/25/19,wall st falls on global growth worries 20190
3/25/19,us stockswall st falls on global growth worries 20190
3/25/19,airbus close to signing aircraft deal with china 20190
3/25/19,wall st ekes out gains global growth worries linger 20190
3/25/19,us stockswall st ekes out gains global growth worries linger 20190
3/25/19,us stocks on the moveviacom akamai technologies kohls curis recro pharma 20190
3/25/19,wall st falls on global economic slowdown fears 20190
3/25/19,us stockswall st falls on global economic slowdown fears 20190
3/25/19,us stocks on the moveviacom avaya akamai curis nu skin 20190
3/25/19,wall st set to open modestly lower as global growth fears persist 20190
3/25/19,us stockswall st set to open modestly lower as global growth fears persist 20190
3/25/19,qatar airways backs boeing despite max crash crisis 20190
3/25/19,ethiopian airlines commits to boeing ties despite flight 302 crash questions 20190
3/25/19,qatar airways ceo has confidence in boeing airplanes after max crash 20190
3/25/19,ethiopian airlines ceo promises to find out why flight 302 crashed 20190
3/25/19,boeing readies 737 max software fix as families wait for crash report 20190
3/25/19,boeing to brief on 737 max updates as ethiopian backs planemaker 20190
3/25/19,boeing sets briefing on 737 max as ethiopian carrier expresses confidence in planemaker 20190
3/25/19,boeing invites pilots regulators to briefing as it looks to return 737 max to service 20190
3/24/19,ethiopian airlines questions boeings aggressive software 20190
3/23/19,us lawmaker seeks boeing whistleblowers some max 737 orders in jeopardy 20190
3/23/19,some boeing 737 max orders in jeopardy us pilots try software fix 20190
3/23/19,us stockswall st tumbles on global economic slowdown fears 20190
3/23/19,wall st tumbles on global economic slowdown fears 20190
3/23/19,boeing wins 4b deal for delivery of fa 18 jets to us navy 
3/23/19,stock market news nike slips boeing faces cancellations 
3/23/19,us stockswall st stumbles as investors spooked by signs of economic slowdown 20190
3/23/19,wall st stumbles as investors spooked by signs of economic slowdown 20190
3/23/19,the zacks analyst blog highlights boeing lockheed martin and textron 
3/23/19,indonesian airline cancels boeing 737 max order american pilots to test software fix 20190
3/22/19,us stocks on the movetesla ge nike southwest airlines biogen 20190
3/22/19,defense stock roundup gd ba lmt win big deals air beats on q3 earnings 
3/22/19,general dynamics gd nassco wins 465m deal for cvn carrier 
3/22/19,curtis wright gains on high growth prospects amid debt woes 
3/22/19,dow 30 stock roundup aapl refreshes product lineup ba wins 327m navy order 
3/22/19,us stocks on the movenike biogen best buy tesla boeing 20190
3/22/19,confusion grief as hunt for remains from ethiopia crash halted 20190
3/22/19,us stocks on the movenike tesla boeing papa johns 20190
3/22/19,indias spicejet in talks with lessors to induct aircraft 20190
3/22/19,indonesian airline cancels boeing order citing passenger fear 20190
3/22/19,boeing makes safety change indonesian airline cancels order 20190
3/22/19,boeing to mandate safety feature in max software upgrade 20190
3/22/19,suspicion and strife strain ethiopian plane crash probe 20190
3/22/19,us corporate breakups could be catalyst to change dow index 20190
3/21/19,buy boeing and other aerospace defense stocks despite trade war pull back 
3/21/19,notable thursday option activity ba regn ea 
3/21/19,us stocks on the movebiogen apple conagra chipmakers 20190
3/21/19,us stocks on the movebiogen apple conagra 20190
3/21/19,boeing to mandate safety alert in 737 max software upgrade 20190
3/21/19,us stocks on the movebiogen guess apple micron 20190
3/21/19,us stocks on the movebiogen guess spi energy 20190
3/21/19,us stockswall st set for lower open after feds abrupt dovish turn 20190
3/21/19,wall st set for lower open after feds abrupt dovish turn 20190
3/21/19,us stocks on the moveguess inc micron technology steelcase inc 20190
3/21/19,futures tread water after fed turns more accommodative 20190
3/21/19,us stocksfutures tread water after fed turns more accommodative 20190
3/21/19,pilots searched for right checklist before lion air crash  investigators 20190
3/21/19,pilots searched for checklist before lion air crash  indonesian investigators 20190
3/21/19,ethiopia crash captain did not train on airlines max simulator 20190
3/21/19,ethiopian crash captain untrained on 737 max simulator 20190
3/21/19,indonesias lion air in early stages of longdelayed ipo 20190
3/21/19,will boeings problems spell trouble for ge aviation 
3/21/19,boeing to offer safety feature as standard in 737 max software upgrade 20190
3/21/19,world wants answers from indonesia and ethiopia crashes 20190
3/21/19,indonesia seeks answers as ethiopian crash comparisons mount 20190
3/21/19,boeing faa face more pressure from us lawmakers over 737 max accidents 20190
3/20/19,boeing delays by months test flights for us human space program 20190
3/20/19,boeing delays flight test to international space station 20190
3/20/19,boeing faa officials called to testify in us senate on 737 max plane crashes 20190
3/20/19,boeing faces growing pressure in washington over 737 max crashes 20190
3/20/19,analyst buy boeing because its too big to fail 
3/20/19,boeing ba secures 327m navy deal to upgrade p 8a aircraft 
3/20/19,raytheon to provide support services to essm block 2 program 
3/20/19,dow movers unh ba 
3/20/19,us stocks on the movefedex tencent music carmakers 20190
3/20/19,with 737 max grounded airlines face daily scheduling challenges 20190
3/20/19,us stocks on the movegeneral mills fedex ups nevro tencent music 20190
3/20/19,lion air pilots scoured handbook in minutes before crash 20190
3/20/19,indonesia crash revelations raise pressure on ethiopia investigation 20190
3/20/19,us stocks on the movefedex general mills ups nevro tencent music 20190
3/20/19,boeing names leadership for new joint venture with embraer 20190
3/20/19,us stocks on the movegeneral mills fedex ups motif bio 20190
3/20/19,stakes rise for boeing as eu canada step up scrutiny of 737 max after crashes 20190
3/20/19,indonesia crash revelations raise pressure on ethiopia probe 20190
3/20/19,spicejet in talks to lease some of jet airways grounded planes 20190
3/20/19,cockpit voice recorder of doomed lion air jet depicts pilots frantic search for fix 20190
3/19/19,boeing ba gains as market dips what you should know 
3/19/19,5 dow jones stocks coming to life 
3/19/19,warning signs for facebook uncertainty for boeing 
3/19/19,us stockswall street inches higher as fed meeting convenes 20190
3/19/19,wall street inches higher as fed meeting convenes 20190
3/19/19,stock market news for mar 19 2019 
3/19/19,top us trade officials head to china next week for new trade talks 20190
3/19/19,general dynamics gd wins 2b submarine modification deal 
3/19/19,embraer stock can keep rising despite q4 loss 
3/19/19,transport canada sending team to assist with proposed software changes for 737 max 20190
3/19/19,german military helicopters get mandatory funding in budget plan 20190
3/19/19,focuslenders and travellers stick with ethiopian airlines for now 20190
3/19/19,us stockswall street set for higher open as fed expected to hold fire 20190
3/19/19,wall street set for higher open as fed expected to hold fire 20190
3/19/19,futures higher as fed kicks off policy meeting 20190
3/19/19,us stocksfutures higher as fed kicks off policy meeting 20190
3/19/19,stakes rise for boeing as eu canada step up scrutiny of 737 max after crashes 20190
3/19/19,stakes rise for boeing as eu canada step up scrutiny 20190
3/19/19,highstakes boeing inquiry hinges on ethiopia black box secrets 20190
3/19/19,ethiopian crash crews voices may unlock highstakes boeing inquiry 20190
3/19/19,ethiopian crash crews voices could unlock highstakes boeing inquiry 20190
3/18/19,stock market today fis and worldpay merge to create payments giant 
3/18/19,close update us stocks start week with slim advance as traders await fomc meeting 
3/18/19,market close report nasdaq composite index closes at 771448 up 2595 points 
3/18/19,top stock picks for the week of mar 18 2019 
3/18/19,dow manages a win ahead of fed 
3/18/19,canada reexamining boeing 737 max approval after faa certification probe 20190
3/18/19,embraer ceo to step down ahead of deal with boeing 20190
3/18/19,us stockswall st advances ahead of fed policy meeting 20190
3/18/19,wall st advances ahead of fed policy meeting 20190
3/18/19,mid day update us stocks little changed monday ahead of fed meeting this week 
3/18/19,embraers ceo to step down following shareholder approval of boeing deal 20190
3/18/19,us stocks little changed monday as dow weighed down by boeing 
3/18/19,boeing ba secures 250m deal to support lrso cruise missile 
3/18/19,xli ba unp mmm large inflows detected at etf 
3/18/19,slow week of economic data boeing ba gets subpoena1 
3/18/19,wall st inches higher ahead of fed policy meeting 20190
3/18/19,us stockswall st inches higher ahead of fed policy meeting 20190
3/18/19,weak economic data weighed on the markets 
3/18/19,dow movers ba gs 
3/18/19,why boeing stock isnt a buy until we know more 
3/18/19,slow week of economic data boeing ba gets subpoena 
3/18/19,stock market news for mar 18 2019 
3/18/19,us stocks on the moveboeing tesla facebook apple 20190
3/18/19,weekly market summary us stocks rebound despite boeing and brexit drag 
3/18/19,mondays vital data aurora cannabis oracle and microsoft 
3/18/19,us stockswall st treads water as boeing facebook weigh fed meeting on tap 20190
3/18/19,wall st treads water as boeing facebook weigh fed meeting on tap 20190
3/18/19,westjet suspends 2019 forecasts after boeing groundings 20190
3/18/19,northrop grumman wins 45m navy deal to support lcs program 
3/18/19,wall street sees narrowly mixed open dow under pressure on boeing jet probe 
3/18/19,westjet suspends 2019 financial forecast after boeing groundings 20190
3/18/19,3 stocks to buy at a discount 
3/18/19,us futures narrowly mixed dow under pressure on boeing jet probe 
3/18/19,southwest airlines 737 max woes could help these 2 rivals 
3/18/19,pre market most active for mar 18 2019 lptx derm acb nihd nio wp nok ba phas fis sqqq czr 
3/18/19,us stocks on the moveedwards lifesciences boeing apple worldpay facebook 20190
3/18/19,us stockstech boosts wall street boeing keeps dow in check 20190
3/18/19,tech boosts wall street boeing keeps dow in check 20190
3/18/19,data shows angle of attack similar in boeing 737 crashes 20190
3/18/19,us stocks on the moveboeing facebook dare bioscience 20190
3/18/19,wall street lifted by tech stocks boeing drags on dow 20190
3/18/19,us stockswall street lifted by tech stocks boeing drags on dow 20190
3/18/19,futures flat following best weekly rally of 2019 boeing drags on dow 20190
3/18/19,us stocksfutures flat following best weekly rally of 2019 boeing drags on dow 20190
3/18/19,us stocks on the moveboeing worldpay dermira facebook 20190
3/18/19,ethiopia and indonesia crash parallels heap pressure on boeing 20190
3/18/19,pressure rises on boeing over ethiopia indonesia crash parallels 20190
3/18/19,boeing faces growing scrutiny in ethiopian crash probe 20190
3/18/19,tsx futures flat as focus shifts to fed meeting 20190
3/18/19,us stocks on the moveboeing caesars entertainment worldpay 20190
3/18/19,futures tick higher after best week of the year boeing weighs on dow 20190
3/18/19,us stocksfutures tick higher after best week of the year boeing weighs on dow 20190
3/18/19,swiss re says helped insure boeing ethiopian airlines 20190
3/18/19,boeing shares fall again after probe report into faa approval of 737 max 20190
3/18/19,deutschecommerzbank merger talk brightens mood for european stocks 20190
3/18/19,ethiopia says crashed jets black boxes show similarities to lion air disaster 20190
3/18/19,ethiopia says crashed jets black boxes show similarities to lion air mishap 20190
3/18/19,ethiopia says crash black boxes show similarities to lion air accident 20190
3/18/19,us transportation dept probes faa approval of 737 max 20190
3/18/19,yieldcos for any investor 
3/18/19,boeing says finalizing software upgrade revising pilot training for 737 max 20190
3/17/19,ethiopian airlines black boxes show similarities to lion air crash 20190
3/17/19,lufthansa buys boeings 787 dreamliner and orders more airbus a350s 
3/17/19,the navy is getting serious about crewless vessels 
3/16/19,airbus order book shrank again in february 
3/16/19,3 international companies making waves in the us 
3/16/19,trade tech spark risk on session for stocks 