Date,JPM
4/16/2019,us bancorp usb q1 earnings meet estimates revenues up 
4/16/2019,is jpmorgan stock the obvious choice among large banks 
4/16/2019,financial sector update for 04172019 bk ms usb jpm bac wfc cacq 
4/16/2019,wall street banks under pressure to make deeper cost cuts 20190
4/16/2019,companies warn trump census citizenship question could be costly 20190
4/16/2019,emergingmarket forex revenues eclipse g10 for first time 20190
4/16/2019,bank earnings and getting to know zelle 
4/16/2019,mixed start to q1 earnings season 
4/16/2019,5 top stock trades for wednesday bac ms o 
4/16/2019,what will the q1 earnings season bring 
4/16/2019,interesting jpm put options for may 31st1 
4/16/2019,bofa bac q1 earnings beat on loan growth higher rates 
4/16/2019,the zacks analyst blog highlights jpmorgan visa chevron tjx and general dynamics 
4/16/2019,financial sector update for 04162019 blk bac cma jpm wfc c usb 
4/16/2019,pathfinder bancorp inc pbhc ex dividend date scheduled for april 17 2019 
4/16/2019,bridge bancorp inc bdge ex dividend date scheduled for april 17 2019 
4/16/2019,european shares at 8month high boosted by financials volatility fades 20190
4/16/2019,comerica cma q1 earnings beat estimates revenues up yy 
4/16/2019,wall st rises on tech boost robust johnson  johnson earnings 20190
4/16/2019,us stockswall st rises on tech boost robust johnson  johnson earnings 20190
4/16/2019,us stockswall st set to open higher on robust healthcare earnings 20190
4/16/2019,wall st set to open higher on robust healthcare earnings 20190
4/16/2019,us stocksfutures rise on boost from upbeat healthcare bank results 20190
4/16/2019,futures rise on boost from upbeat healthcare bank results 20190
4/16/2019,bank of america warns of slowing growth of net interest 20190
4/16/2019,bank of america revenue misses forecasts shares fall 20190
4/16/2019,bank of america quarterly revenue slips but earnings top expectations 20190
4/16/2019,bank of americas firstquarter revenues miss market forecasts 20190
4/16/2019,bank of america profit tops estimates on growing loan book 20190
4/16/2019,bank of america profit rises 6 pct on growing loan book 20190
4/16/2019,goldman sachs supertanker starts to turn 20190
4/16/2019,uaes finablr to list on london stock exchange 20190
4/15/2019,us house panels issue subpoenas to deutsche bank others in trump probe 20190
4/15/2019,5 top stock trades for tuesday c apha czr googl amzn 
4/15/2019,top stock picks for april 15 2019 
4/15/2019,forget rate woes bank etfs to stay strong on unicorn ipos 
4/15/2019,bank of america will likely beat on earnings expectations 
4/15/2019,a new york minute citi goldman mixed in q1 empire state up1 
4/15/2019,q1 earnings continue 
4/15/2019,top stock reports for jpmorgan visa chevron 
4/15/2019,interesting jpm put options for may 31st 
4/15/2019,jpmorgan wells fargo citigroup bank of america and goldman sachs are part of zacks earnings preview 
4/15/2019,dow movers gs unh 
4/15/2019,a new york minute citi goldman mixed in q1 empire state up 
4/15/2019,stock market news for apr 15 2019 
4/15/2019,market likely to be on northward journey from here 5 picks 
4/15/2019,weekly market summary riding wave of momentum into earnings season 
4/15/2019,mondays vital data disney netflix and wells fargo 
4/15/2019,citigroup c q1 earnings beat estimates revenues disappoint 
4/15/2019,big bank earnings impress in q1 5 great picks 
4/15/2019,financial sector update for 04152019 ads c gs jpm bac wfc usb 
4/15/2019,goldman gs q1 earnings beat advisory revenues improve 
4/15/2019,first united corporation func ex dividend date scheduled for april 16 2019 
4/15/2019,wall street drops after tepid big bank results 20190
4/15/2019,us stockswall street drops after tepid big bank results 20190
4/15/2019,us stockswall street slips as big bank results disappoint 20190
4/15/2019,wall street slips as big bank results disappoint 20190
4/15/2019,wall street dips after lackluster big bank earnings 20190
4/15/2019,us stockswall street dips after lackluster big bank earnings 20190
4/15/2019,credit suisse aims to take control of china securities venture 20190
4/15/2019,us stockswall st set for muted open as big bank earnings fail to impress 20190
4/15/2019,wall st set for muted open as big bank earnings fail to impress 20190
4/15/2019,citigroup profit beats on investment banking boost 20190
4/15/2019,goldman offers fresh details on overhaul progress as revenue slides 20190
4/15/2019,goldman sachs 1stqtr revenue drops across most businesses shares off 20190
4/15/2019,goldman sachs profit beats estimates on lower expenses higher advisory fees 20190
4/15/2019,us stocks on the movelevi strauss yamana gold clovis oncology 20190
4/15/2019,futures muted ahead of big bank earnings 20190
4/15/2019,us stocksfutures muted ahead of big bank earnings 20190
4/15/2019,stocks advance ahead of earnings bonds stable 20190
4/15/2019,european shares tick higher as bank stocks lead gains 20190
4/15/2019,sp approaches new highs after crossing above 2900 
4/15/2019,londons ftse 100 subdued iwg lifts midcaps 20190
4/15/2019,londons ftse 100 tugged down by miners iwg lifts midcaps 20190
4/15/2019,european shares subdued after uschina trade deal hopes 20190
4/15/2019,british bluechip index tugged down by oil shares iwg lifts midcaps 20190
4/15/2019,asian shares buoyed by optimism on uschina trade talks 20190
4/15/2019,japan stocks scale 4month peak on strong global equities softer yen 20190
4/15/2019,focusworried a recession is coming us online lenders reduce risk 20190
4/14/2019,yen near this years lows franc soft on rising risk appetite 20190
4/14/2019,forexyen near this years lows franc soft on rising risk appetite 20190
4/14/2019,asian shares near 9mth highs helped by us optimism on china trade talks 20190
4/14/2019,japan stocks hit 4month high on strong global equities softer yen 20190
4/14/2019,yen near this years lows as risk appetite improves 20190
4/14/2019,forexyen near this years lows as risk appetite improves 20190
4/14/2019,asian shares supported by global growth hopes eyes on earnings 20190
4/13/2019,jpmorgan chase jpm q1 2019 earnings call transcript 
4/12/2019,despite feds dovish verbiage bank stocks beat earnings 
4/12/2019,heres why jp morgan chase shares climbed 49 on friday 
4/12/2019,jpmorgan chase co jpm q1 2019 earnings call transcript 
4/12/2019,sp takes back 2900 as stocks rally 
4/12/2019,financial sector update for 04122019 cbsmxsanjpmwfc 
4/12/2019,earnings optimism following bank results 
4/12/2019,mid afternoon market update dow rises 250 points tracon pharmaceuticals shares plummet 
4/12/2019,financial sector update for 04122019 bsmx san jpm wfc 
4/12/2019,chevrons deal big banks q1 earnings amp disney boost1 
4/12/2019,mid day market update anadarko petroleum jumps following acquisition news x4 pharmaceuticals shares slide 
4/12/2019,jpmorgan chase earnings jpm stock jumps on q1 beat 
4/12/2019,us stockssp 500 closes near record high as earnings season begins in earnest 20190
4/12/2019,sp 500 closes near record high as earnings season begins in earnest 20190
4/12/2019,oil rises 1 pct on tightening crude supply upbeat economic data 20190
4/12/2019,us stocks snapshotwall st gains as jpmorgan surges after earnings 20190
4/12/2019,wall st gains as jpmorgan surges after earnings 20190
4/12/2019,stock market news jpmorgan banks it disney streams higher 
4/12/2019,forexdollar weakens as euro rides demand linked to crossborder deal 20190
4/12/2019,jpmorgan chase just set a high bar for this earnings season 
4/12/2019,wells fargo delivered a solid report own it 
4/12/2019,china data jpmorgan results boost stocks riskier assets 20190
4/12/2019,jpm makes bullish cross above critical moving average 
4/12/2019,ishares core sp 500 etf experiences big inflow 
4/12/2019,xlf sco big etf inflows 
4/12/2019,major banks post strong q1 earnings results 
4/12/2019,dow movers cvx dis 
4/12/2019,stocks fear gauge at 6mth low as wall st eyes new highs 20190
4/12/2019,chevrons deal big banks q1 earnings amp disney boost 
4/12/2019,jpmorgan jpm q1 earnings beat on rates debt underwriting 
4/12/2019,dow 30 stock roundup procter amp gamble hikes dividend boeing q1 commercial deliveries fall 
4/12/2019,gains in walt disney bank shares bolster wall street 20190
4/12/2019,us stocksgains in walt disney bank shares bolster wall street 20190
4/12/2019, stock market news for apr 12 2019 
4/12/2019,financial sector update for 04122019 qd jpm bac wfc c usb 
4/12/2019,fridays vital data ebay jpmorgan chase and tesla 
4/12/2019,ge to pay 15 bln us fine over crisisera subprime mortgages 20190
4/12/2019,pnc financial services group inc pnc ex dividend date scheduled for april 15 2019 
4/12/2019,jpmorgan jpm beats on q1 earnings revenues increase yy 
4/12/2019,european shares end higher boosted by banks and auto stocks 20190
4/12/2019,us stocks on the movechevron jpmorgan wells fargo walt disney 20190
4/12/2019,china data jpmorgan earnings boost stocks riskier assets 20190
4/12/2019,muted trading performance to hurt bofas bac q1 earnings 
4/12/2019,us stocksgains in walt disney bank shares buoy wall street 20190
4/12/2019,gains in walt disney bank shares buoy wall street 20190
4/12/2019,gold steadies as dollar retreats on way to best week in three 20190
4/12/2019,preciousgold steadies as dollar retreats on way to best week in three 20190
4/12/2019,us stockswall street boosted by gains in walt disney bank shares 20190
4/12/2019,wall street boosted by gains in walt disney bank shares 20190
4/12/2019,jpmorgans solid quarterly profit beats back recession fears 20190
4/12/2019,us stocks on the movechevron anadarko jpmorgan walt disney 20190
4/12/2019,us stockswall street set to get a lift from jpmorgan results big energy deal 20190
4/12/2019,wall street set to get a lift from jpmorgan results big energy deal 20190
4/12/2019,oil has best run in three years jpm earnings boost stocks 20190
4/12/2019,wells fargos revenue outlook spooks investors 20190
4/12/2019,wells fargos interest income outlook spooks investors 20190
4/12/2019,wells fargo cuts net interest income outlook sending shares lower 20190
4/12/2019,us stocks on the movenike anadarko walt disney jpmorgan 20190
4/12/2019,us stocksfutures rise as jpmorgan kicks off earnings season on strong note 20190
4/12/2019,futures rise as jpmorgan kicks off earnings season on strong note 20190
4/12/2019,jpmorgan profit beat eases fear of slowing economy 20190
4/12/2019,jpmorgan profit tops estimates on higher interest income 20190
4/12/2019,jpmorgan profit rises 54 pct on higher interest income 20190
4/12/2019,turkeys albayrak leaves investors unconvinced in washington 20190
4/12/2019,oil scores best run in 3 years as dollar stocks tread water 20190
4/12/2019,ftse 100 up as financials miners lead charge plus500 tanks 20190
4/12/2019,ftse 100 recovers as china data aids plus500 nosedives 20190
4/12/2019,european shares edge lower as unicredit banco santander fall 20190
4/12/2019,oil up 1 pct on tightening crude supply upbeat economic data 20190
4/11/2019,stocks close mixed with corporate earnings ahead 
4/11/2019,close update major market indexes end little changed thursday ahead of big bank earnings 
4/11/2019,pre market earnings report for april 12 2019 jpm wfc pnc frc infy 
4/11/2019,4 big bank stocks ready to kick off earnings season 
4/11/2019,notable thursday option activity jpm anet uri 
4/11/2019,jpmorgan historically reverses or narrows earnings driven pre market trade in follow on regular session 
4/11/2019,us stocksthe sp 500 ends flat as investors await bank earnings 20190
4/11/2019,the sp 500 ends flat as investors await bank earnings 20190
4/11/2019,morgan stanley to add more 55 stake in china joint venture 
4/11/2019,weak investment banking to hurt jpmorgan jpm q1 earnings 
4/11/2019,whats in store for dow etf in q1 earnings 
4/11/2019,healthcare drags on wall st as investors eye bank earnings 20190
4/11/2019,us stockshealthcare drags on wall st as investors eye bank earnings 20190
4/11/2019,dow movers csco jpm 
4/11/2019,refileus stockswall st treads water ahead of big bank earnings 20190
4/11/2019,wall st treads water ahead of big bank earnings 20190
4/11/2019,us stockswall st treads water ahead of big bank earnings 20190
4/11/2019,financial sector update for 04112019 glg cbsh db jpm wfc bac c usb 
4/11/2019,connectone bancorp inc cnob ex dividend date scheduled for april 12 2019 
4/11/2019,city holding company chco ex dividend date scheduled for april 12 2019 
4/11/2019,bank ozk ozk ex dividend date scheduled for april 12 2019 
4/11/2019,camden national corporation cac ex dividend date scheduled for april 12 2019 
4/11/2019,norwood financial corp nwfl ex dividend date scheduled for april 12 2019 
4/11/2019,how to say the rword bank executives grapple with recession talk 20190
4/10/2019,buy bank of america stock before its good citizenship pays off 
4/10/2019,analyst note fosters doubts about dow inc stock 
4/10/2019,heres what jamie dimon thinks america needs to fix 
4/10/2019,lower trading volumes to hurt jpmorgans jpm q1 earnings 
4/10/2019,financial sector update for 04102019 apam laz wdr jpm bac wfc c usb 
4/10/2019,us stockssp 500 nasdaq edge higher on tech gains fed minutes awaited 20190
4/10/2019,sp 500 nasdaq edge higher on tech gains fed minutes awaited 20190
4/10/2019,5 best stocks to buy ahead of q1 earnings season 
4/10/2019,us stockstech lifts sp 500 nasdaq ahead of fed minutes boeing pressures dow 20190
4/10/2019,tech lifts sp 500 nasdaq ahead of fed minutes boeing pressures dow 20190
4/10/2019,aramco bonds modest gains suggest demand was inflated 20190
4/10/2019,us lawmakers grill bank ceos on social issues 20190
4/10/2019,us lawmakers grill bank ceos for the first time since financial crisis 20190
4/10/2019,us stockswall street set to open slightly higher focus shifts to fed minutes 20190
4/10/2019,wall street set to open slightly higher focus shifts to fed minutes 20190
4/10/2019,futures tick higher as focus turns to central banks 20190
4/10/2019,us stocksfutures tick higher as focus turns to central banks 20190
4/10/2019,for first time in a decade us companies could report lower profits on higher revenue 20190
4/10/2019,us bank ceos face off with congress for the first time since financial crisis 20190
4/9/2019,which big bank has the best earnings chart 
4/9/2019,an insiders look at financial crimes and why america isnt living up to its potential 
4/9/2019,close update us tariff threat against europe rattles investors as stocks slump tuesday 
4/9/2019,warren buffett just gave wells fargo some valuable advice 
4/9/2019,why bitcoin bullishness is bearish for the stock market 
4/9/2019,why hollysys automation technologies stock fell more than 26 tuesday morning 
4/9/2019,us stockswall st drops on us trade tensions with eu imf global outlook 20190
4/9/2019,wall st drops on us trade tensions with eu imf global outlook 20190
4/9/2019,heres where you buy 3m stock for capital gains 
4/9/2019,refileus stockswall st falls on renewed trade tensions slowdown angst 20190
4/9/2019,wall st falls on renewed trade tensions slowdown angst 20190
4/9/2019,us stocks on the moveboeing wynn resorts unitedhealth walt disney 20190
4/9/2019,trading investment banking to mar jpmorgan jpm q1 earnings 
4/9/2019,financial sector update for 04092019 pfg cb cns jpm bac wfc c usb 
4/9/2019,parke bancorp inc pkbk ex dividend date scheduled for april 10 2019 
4/9/2019,us stocks on the moveapple boeing wynn resorts unitedhealth cigna 20190
4/9/2019,can feds new rules for foreign banks promise more immunity 
4/9/2019,us stocks on the moveapple facebook boeing wynn resorts 20190
4/9/2019,us bank execs say wall street has reformed though crisis scars linger 20190
4/9/2019,bank of america to raise minimum wage to 20hour by 2021 20190
4/9/2019,uaes finablr considers london float that could raise at least 200 mln 20190
4/9/2019,aramco sells 12 billion bonds out of record 100 billion demand 20190
4/9/2019,aramco sets record with 100 billion demand for landmark bond 20190
4/9/2019,aramco gets whopping 100 billion demand for landmark bond 20190
4/9/2019,aramco breaks record as demand for its bond tops 85 billion 20190
4/8/2019,close update nasdaq sp 500 turn positive in late day trading monday as dow ends lower 
4/8/2019,bank of america is reborn as a financial services leader 
4/8/2019,us stockssp 500 nasdaq edge higher as earnings season looms 20190
4/8/2019,sp 500 nasdaq edge higher as earnings season looms 20190
4/8/2019,mid day update us stocks slip monday taking a pause after last weeks surge 
4/8/2019,week ahead looking for earnings season clues 
4/8/2019,industrials weigh on wall st as earnings season looms 20190
4/8/2019,us stocksindustrials weigh on wall st as earnings season looms 20190
4/8/2019,weekly market summary us stocks kick off april with winning streak 
4/8/2019,jpmorgan wells fargo fedex and nike are part of zacks earnings preview 
4/8/2019,us stocks on the moveboeing wynn resorts ge micron 20190
4/8/2019,financial sector update for 04082019 cg wfc jpm bac wfc c usb 
4/8/2019,health care sector update for 04082019 mdgl ctst qure jpm pfe abt mrk amgn 
4/8/2019,mackinac financial corporation mfnc ex dividend date scheduled for april 09 2019 
4/8/2019,bofa ramps up expansion amp modernization of financial centers 
4/8/2019,pnc financial services group a top socially responsible dividend stock with 30 yield pnc 
4/8/2019,us stocks on the moveboeing wynn resorts general electric snap 20190
4/8/2019,these 11 things are holding back us economic growth 
4/7/2019,asia shares off 7month peak mood turns cautious 20190
4/7/2019,asia shares at 7mth peak as china talks stimulus 20190
4/7/2019,asia shares underpinned by us job news china stimulus 20190
4/7/2019,warren buffett urges wells fargo to look beyond wall st for next ceo ft 20190
4/6/2019,previewing bank earnings 
4/6/2019,3 earnings reports to watch next week 
4/6/2019,petrobras agrees to sell pipeline unit to engie for 86 bln 20190
4/6/2019,earnings preview jpmorgan chase jpm q1 earnings expected to decline 
4/6/2019,financial sector update for 04052019 kkr db abdc jpm bac wfc c usb 
4/6/2019,guaranty federal bancshares inc gfed ex dividend date scheduled for april 08 2019 
4/5/2019,jpmorgan leads blockchain hiring as job openings ramp up 
4/5/2019,bank stock roundup rise in bond yield easing global growth concerns jpm amp wfc in focus 
4/5/2019,bank of america ramps up branch modernization 20190
4/5/2019,5 things jamie dimon just said that investors need to hear 
4/5/2019,knowles hires jpmorgan for activist defense 20190
4/5/2019,ivv jnj jpm pg large inflows detected at etf 
4/5/2019,xlf xrt big etf outflows 
4/4/2019,financial sector update for 04042019 san nmr bac jpm wfc c usb 
4/4/2019,the community financial corporation tcfc ex dividend date scheduled for april 05 2019 
4/4/2019,reliant bancorp inc rbnc ex dividend date scheduled for april 05 2019 
4/4/2019,united security bancshares ubfo ex dividend date scheduled for april 05 2019 
4/4/2019,investar holding corporation istr ex dividend date scheduled for april 05 2019 
4/4/2019,should ishares russell top 200 value etf iwx be on your investing radar 
4/4/2019,jpmorgans dimon urges infrastructure mortgage reform to spur us growth 20190
4/4/2019,jpmorgans dimon says bad mortgage rules hindering growth of us economy 20190
4/4/2019,jpmorgan expects firstquarter net interest income to be flat 20190
4/3/2019,jpmorgan chase jpm gains but lags market what you should know 
4/3/2019,slack chooses dpo over ipo what does it mean 
4/3/2019,financial sector update for 04032019 db bk blk apo jpm wfc bac c usb 
4/3/2019,j p morgan chase co jpm ex dividend date scheduled for april 04 2019 
4/3/2019,horizon bancorp inc hbnc ex dividend date scheduled for april 04 2019 
4/3/2019,new proposed rule to limit impact of large bank failures 
4/3/2019,wells fargo offers clients tap to pay contactless cards 
4/2/2019,3 tech stocks to buy for long term earnings growth 
4/2/2019,ex dividend reminder american express jpmorgan chase and cisco systems 
4/2/2019,stock market news for apr 2 2019 
4/2/2019,financial sector update for 04022019 bx wtm stt jpm bac wfc c usb 
4/2/2019,qlc chain the latest blockchain build up heads for mass market 
4/2/2019,us regulators propose rule discouraging large banks from investing in competitors debt 20190
4/2/2019,12 dividend stocks that hedge funds love 
4/2/2019,uaes adfg to take over shuaa capital in reverse merger by midapril 20190
4/1/2019,notable monday option activity nuan jpm lvs 
4/1/2019,why you should short bank of america stock now 
4/1/2019,wells fargo will get its third ceo in 3 years and thats a good thing 
4/1/2019,dow movers unh utx 
4/1/2019,astronics ichor jp morgan bank of america and goldman highlighted as zacks bull and bear of the day 
4/1/2019,nike fedex adobe and jpmorgan are part of zacks earnings preview 
4/1/2019,us stocks on the movelyft roku tesla discovery chipmakers fedex casino stocks 20190
4/1/2019,china approves jpmorgan amp nomuras brokerage joint ventures 
4/1/2019,financial sector update for 04012019 wltw ocn jpm wfc bac c usb 
4/1/2019,cvb financial corporation cvbf ex dividend date scheduled for april 02 2019 
4/1/2019,us stocks on the movelyft advaxis pulmatrix comscore 20190
4/1/2019,aramcos 10 blnplus bond plan shows profits put top earner apple in shade 20190
4/1/2019,aramco eclipses top earner apple ahead of debut 10 blnplus bond sale 20190
3/31/2019,nios financial road rage accomplishes very little 20190
3/31/2019,federal reserve analysis how financial stocks are effected 
3/31/2019,earnings recession fears are exaggerated 
3/31/2019,buy the c suite shuffle in wells fargo stock 
3/31/2019,jefferies jef q1 earnings lag estimates costs decline 
3/31/2019,outsider ceo wont be a quick fix for wells fargo analysts 20190
3/31/2019,the zacks analyst blog highlights jpmorgan disney citigroup pnc financial and twitter 
3/31/2019, stock market news for mar 29 2019 
3/30/2019,financial sector update for 03292019 bgcp jpm bac wfc c usb 
3/30/2019,dow 30 stock roundup apple launches new services jpmorgan to trim wealth jobs 
3/30/2019,bank stock roundup expansion initiatives wells fargo jpmorgan citi in focus 
3/30/2019,bank of nova scotia bns ex dividend date scheduled for april 01 2019 
3/30/2019,itau unibanco banco holding sa itub ex dividend date scheduled for april 01 2019 
3/30/2019,nomura nmr to slash jobs in us amp europe to reduce costs 
3/30/2019,why m t bank is a top socially responsible dividend stock mtb 
3/30/2019,us stockswall street set to open higher on trade optimism 20190
3/30/2019,wall street set to open higher on trade optimism 20190
3/30/2019,us stocksfutures higher on trade optimism inflation data awaited 20190
3/30/2019,futures higher on trade optimism inflation data awaited 20190
3/30/2019,jp morgan nomura get nod for china brokerage jvs as market access expands 20190
3/29/2019,chinese ev car maker nio restricts its ipo banks from working for rivals 20190
3/29/2019,jpmorgan nomura get approval to set up china brokerage jvs 20190
3/29/2019,nomura jpmorgan get approval to set up china brokerage jvs 20190
3/29/2019,us china report progress in beijing trade talks 20190
3/29/2019,explainerwhy chinas inclusion in global bond benchmarks matters 20190
3/29/2019,global ma slides in first quarter as brexit weighs on europe 20190
3/29/2019,dow closes higher despite economic concerns 
3/29/2019,top stock reports for jpmorgan disney citigroup 
3/29/2019,zacks earnings trends highlights costco autozone fedex jpmorgan and wells fargo1 
3/29/2019,financial sector update for 03282019 jef gs jpm bac wfc c usb 
3/28/2019,jpmorgan to trim wealth jobs after periodic review of staff 
3/28/2019,fulton financial corporation fult ex dividend date scheduled for march 29 2019 
3/28/2019,washington trust bancorp inc wash ex dividend date scheduled for march 29 2019 
3/28/2019,international bancshares corporation iboc ex dividend date scheduled for march 29 2019 
3/28/2019,servisfirst bancshares inc sfbs ex dividend date scheduled for march 29 2019 
3/28/2019,state street corporation stt ex dividend date scheduled for march 29 2019 
3/28/2019,cbtx inc cbtx ex dividend date scheduled for march 29 2019 
3/28/2019,jefferies revenue hurt by us govt shutdown and weak markets in dec 20190
3/28/2019,saudi aramco to meet investors next week ahead of debut dollar bond 20190
3/28/2019,margin pressures weigh on earnings growth1 
3/27/2019,margin pressures weigh on earnings growth 
3/27/2019,fed rate hike pause could pressure bank of america stock 
3/27/2019,3 tech stocks for growth investors to buy right now 
3/27/2019,ishares core sp total us stock market etf experiences big inflow 
3/27/2019,stock market news for mar 27 2019 
3/27/2019,financial sector update for 03272019 db wei bx jpm wfc bac c usb 
3/27/2019,level one bancorp inc levl ex dividend date scheduled for march 28 2019 
3/27/2019,iberiabank corporation ibkc ex dividend date scheduled for march 28 2019 
3/27/2019,first bancorp fbnc ex dividend date scheduled for march 28 2019 
3/27/2019,first internet bancorp inbk ex dividend date scheduled for march 28 2019 
3/27/2019,bancfirst corporation banf ex dividend date scheduled for march 28 2019 
3/27/2019,ameris bancorp abcb ex dividend date scheduled for march 28 2019 
3/27/2019,ofg bancorp ofg ex dividend date scheduled for march 28 2019 
3/27/2019,fifth third bancorp fitb ex dividend date scheduled for march 28 2019 
3/27/2019,us bancorp usb ex dividend date scheduled for march 28 2019 
3/27/2019,jp morgan gender pay gap in uk falls slightly to 34 pct in 2018 20190
3/27/2019,turkeys regulator to probe jpmorgan jpm post lira slump 
3/27/2019,saudi aramco to buy sabic in 69 bln chemicals megadeal 20190
3/27/2019,barclays ceo staley grabs control of investment bank ousts throsby 20190
3/27/2019,barclays investment bank head leaves ceo takes closer control 20190
3/27/2019,jpmorgan chase stock is a no brainer to buy anywhere under 100 
3/26/2019,jpmorgan chase jpm outpaces stock market gains what you should know 
3/26/2019,is wells fargo a buy 
3/26/2019,looking to buy the dips 5 etf amp stock picks 
3/26/2019,this is how the apple card will impact aapl stock 
3/26/2019,financial sector update for 03262019 ma fds jpm bac wfc c usb 
3/26/2019,jpmorgan to shift 300 employees if no deal brexit occurs 
3/25/2019,forget apples credit card buy fintech power square sq stock on the dip 
3/25/2019,notable monday option activity nwsa biib jpm 
3/25/2019,5 dow jones stocks for the end of muellers investigation 
3/25/2019,best etfs for 2019 deflation holds down interest rates the xlf slows 
3/25/2019,financial sector update for 03252019 yrd jpm tmk bac wfc c usb 
3/25/2019,guaranty bancshares inc gnty ex dividend date scheduled for march 26 2019 
3/25/2019,jpmorgan wells fargo nike micron and fedex are part of zacks earnings preview 
3/24/2019,fifth third to expand digital capabilities with more hiring 
3/24/2019,jpmorgan asks 300 staff to move if no brexit deal 20190
3/24/2019,should ishares morningstar large cap value etf jkf be on your investing radar 
3/24/2019,turkey cds money market rates soar after regulator launches bank probes 20190
3/24/2019,jpmorgan awards research grants deepening its ai push 20190
3/24/2019,uaes shuaa capital adfg mandate banks on merger plan  adfg 20190
3/24/2019,turkish lira rebounds but concern lingers after selloff 20190
3/24/2019,turkish lira rebounds a bit after punishing selloff 20190
3/24/2019,turkish lira rebounds after steep losses government responses 20190
3/23/2019,3 top value stocks to buy in march 
3/23/2019,validea james p oshaughnessy strategy daily upgrade report 3232019 
3/22/2019,us stocks on the movetesla ge nike southwest airlines biogen 20190
3/22/2019,financial sector update for 03222019 hrzn fitb mbfi jpm bac wfc c usb 
3/22/2019,heres what feds dovish economic stance means for banks 
3/22/2019,dow 30 stock roundup aapl refreshes product lineup ba wins 327m navy order 
3/22/2019,us stocks on the movenike biogen best buy tesla boeing 20190
3/22/2019,wall st set for weaker open as global growth concerns weigh 20190
3/22/2019,us stockswall st set for weaker open as global growth concerns weigh 20190
3/22/2019,focusups eyes inhome health services with us vaccine project 20190
3/21/2019,nasdaq composite index closes up 502 points for the week rising for the 5th straight day 
3/21/2019,tech sector strength sparks stock market rally 
3/21/2019,dow movers jpm aapl 
3/21/2019,jpm named top dividend stock of the dow at dividend channel with 31 yield 
3/21/2019,stock market news for mar 21 2019 
3/21/2019,financial sector update for 03212019 rjf cvbf ares jpm wfc bac c usb 
3/21/2019,bank first national corporation bfc ex dividend date scheduled for march 22 2019 
3/21/2019,independent bank corp indb ex dividend date scheduled for march 22 2019 
3/21/2019,zacks earnings trends highlights costco autozone fedex jpmorgan and wells fargo 
3/21/2019,goldman sachs is down but not yet out in the gulf 20190
3/21/2019,us stockswall st set for lower open after feds abrupt dovish turn 20190
3/21/2019,wall st set for lower open after feds abrupt dovish turn 20190
3/21/2019,futures tread water after fed turns more accommodative 20190
3/21/2019,us stocksfutures tread water after fed turns more accommodative 20190
3/20/2019,weak earnings growth ahead 
3/20/2019,weak earnings growth ahead1 
3/20/2019,dow drops triple digits after fed 
3/20/2019,morgan stanley takes top spot in ranking of commodities banks 20190
3/20/2019,5 of the best dow jones stocks to buy for solid dividends 
3/20/2019,financial sector update for 03202019 ubs kkr v jpm bac wfc c usb 
3/20/2019,first midwest bancorp inc fmbi ex dividend date scheduled for march 21 2019 
3/20/2019,3 reasons to be bullish on disney stock 
3/20/2019,brazils neoenergia taps jpmorgan bofa and banco do brasil for ipo 20190
3/20/2019,investors snap up indias embassy office parks reit in 690 mln ipo 20190
3/19/2019,scrap foreign ownership caps on chinalisted firms investor group says 20190
3/19/2019,jpmorgan chase jpm dips more than broader markets what you should know 
3/19/2019,scrap foreign ownership caps investor group tells china 20190
3/19/2019,4 mega cap stocks to buy as they perk up 
3/19/2019,jpmorgan offers checkless accounts for low income customers 
3/19/2019,goldman sachs to acquire sampps investment advisory services 
3/19/2019,invesco ftse rafi us 1000 etf experiences big inflow 
3/19/2019,xlf ibd big etf inflows 
3/19/2019,financial sector update for 03192019 db gs ing aiz jpm bac wfc c usb 
3/19/2019,renasant corporation rnst ex dividend date scheduled for march 20 2019 
3/19/2019,synovus financial corp snv ex dividend date scheduled for march 20 2019 
3/19/2019,us stockswall street set for higher open as fed expected to hold fire 20190
3/19/2019,wall street set for higher open as fed expected to hold fire 20190
3/19/2019,metro kicks off china unit sale likely to fetch 2 bln valuation 20190
3/19/2019,starbucks gives its rewards program a friendly makevoer 
3/18/2019,dianrong boss daringly says what many are thinking 20190
3/18/2019,5 top stock trades for tuesday facebook tilray overstock 
3/18/2019,7 financial stocks to buy 
3/18/2019,axa to reduce stake in axa equitable below 50 pct via secondary offering 20190
3/18/2019,spdr sp 1500 value tilt etf insider buying index registering 103 
3/18/2019,financial sector update for 03182019 db qd ing jpm bac wfc c usb 
3/18/2019,peek under the hood ive has 12 upside 
3/18/2019,jpmorgan rolls out lowfee checkless nooverdraft accounts 20190
3/18/2019,jpmorgan chase tests neurosciencebased video games to recruit interns 20190
3/17/2019,noteworthy friday option activity rjf jpm gden 
3/17/2019,3 reasons jp morgan is a solid blue chip play 
3/17/2019,why warren buffett thinks jpmorgans stock could soar 
3/17/2019,dow 30 stock roundup pfes herceptin biosimilar gets fda nod vz to launch 5g soon 
3/17/2019,zacks earnings trends highlights costco autozone jpmorgan and wells fargo 
3/17/2019,financial sector update for 03152019 gnw bam env jpm bac wfc c usb 
3/17/2019,meridian bancorp inc ebsb ex dividend date scheduled for march 18 2019 
3/17/2019,bank stock roundup us china trade talks progress citi amp jpmorgan in focus 
3/16/2019,first earnings decline in three years 
3/16/2019,first earnings decline in three years1 
3/16/2019,5 top stock trades for friday cldr snap and the banks 
3/16/2019,forget free this etf will pay you to invest 
3/16/2019,dow movers wmt unh 
